[{
        "author": "Aspette",
        "name": "oldUI Remake",
        "keyWords": "oldUI Remake, Thèmes",
        "version": "2.1.2",
        "dofusVersion": "2.61",
        "description": "L'ancienne interface utilisateur revisitée ! (Twitter : @Aspette)",
        "url": "https://github.com/azerkan67/dofustheme/raw/main/oldUIRemake.rar",
        "previewUrl": "https://github.com/azerkan67/dofustheme/blob/main/AzerkanTheme.jpg",
        "creationDate": "11/05/2019",
        "modificationDate": "01/10/2021"
    },
    {
        "author": "Aspette",
        "name": "x oldUI Remake - darkTactic mode",
        "keyWords": "oldUI Remake, Tactic Mode",
        "version": "darkTactic",
        "dofusVersion": "2.61",
        "description": "/!\\AVEC LE THÈME DÉJÀ INSTALLÉ/!\\ darkOpacity tactic mode for oldUI Remake",
        "url": "https://github.com/azerkan67/dofustheme/raw/main/oldUIRemake%20(3).zip",
        "previewUrl": "https://github.com/aspette/dofus_themes/raw/master/catalogue/tacticMode/preview/darkTacticPreview.png",
        "creationDate": "11/05/2019",
        "modificationDate": "11/05/2019"
    }
]